{
  "project_info": {
    "project_number": "19096967267",
    "firebase_url": "https://friendlychat-b8451.firebaseio.com",
    "project_id": "friendlychat-b8451",
    "storage_bucket": "friendlychat-b8451.appspot.com"
  },
  "client": [
    {
      "client_info": {
        "mobilesdk_app_id": "1:19096967267:android:985c253874fad0b9dc0056",
        "android_client_info": {
          "package_name": "com.google.firebase.udacity.friendlychat"
        }
      },
      "oauth_client": [
        {
          "client_id": "19096967267-5a6q971sbne02cfdb4595d391hd3s62q.apps.googleusercontent.com",
          "client_type": 1,
          "android_info": {
            "package_name": "com.google.firebase.udacity.friendlychat",
            "certificate_hash": "bcbc9ec2e333c82a0210899a1c537376e83331e5"
          }
        },
        {
          "client_id": "19096967267-rnsp7a016oekah12h8c5di3kqh4096rj.apps.googleusercontent.com",
          "client_type": 3
        }
      ],
      "api_key": [
        {
          "current_key": "AIzaSyDoT8iU4qrDNR7zgdlQdwbLUkmgwxYWjHM"
        }
      ],
      "services": {
        "appinvite_service": {
          "other_platform_oauth_client": [
            {
              "client_id": "19096967267-rnsp7a016oekah12h8c5di3kqh4096rj.apps.googleusercontent.com",
              "client_type": 3
            }
          ]
        }
      }
    }
  ],
  "configuration_version": "1"
}